disease_id,disease_name
16266,squamous cell carcinoma of the corpus uteri
16267,undifferentiated carcinoma of the corpus uteri
16419,hereditary breast carcinoma
18532,adenocarcinoma of liver and intrahepatic biliary tract
18533,undifferentiated carcinoma of liver and intrahepatic biliary tract
18534,squamous cell carcinoma of liver and intrahepatic biliary tract
21100,breast neoplasm
23122,familial prostate carcinoma
24331,colorectal carcinoma
2691,liver cancer
3582,hereditary breast ovarian cancer syndrome
4989,breast carcinoma
5090_13498_8414_10897_33312_10943_11552_14092_12054_11960_11280_11294_11295_11298_11307_11498_12879_13089_13506,schizophrenia
5159,prostate carcinoma
5335,colorectal neoplasm
5575,colorectal cancer
7254,breast cancer
7256_18902_16216_3243,hepatocellular carcinoma
8315,prostate cancer
8903,lung cancer
